BEGIN TRANSACTION;
CREATE TABLE "schema_migrations" ("version" varchar(255) NOT NULL);
INSERT INTO "schema_migrations" VALUES('20141102200950');
INSERT INTO "schema_migrations" VALUES('20141102200952');
INSERT INTO "schema_migrations" VALUES('20141102200956');
INSERT INTO "schema_migrations" VALUES('20141102203011');
INSERT INTO "schema_migrations" VALUES('20141102203012');
INSERT INTO "schema_migrations" VALUES('20141102203014');
INSERT INTO "schema_migrations" VALUES('20141102203036');
INSERT INTO "schema_migrations" VALUES('20141102203053');
CREATE TABLE "users" ("id" serial PRIMARY KEY NOT NULL, "email" varchar(255) DEFAULT '' NOT NULL, "encrypted_password" varchar(255) DEFAULT '' NOT NULL, "reset_password_token" varchar(255), "reset_password_sent_at" timestamp, "remember_created_at" timestamp, "sign_in_count" integer DEFAULT 0 NOT NULL, "current_sign_in_at" timestamp, "last_sign_in_at" timestamp, "current_sign_in_ip" varchar(255), "last_sign_in_ip" varchar(255), "created_at" timestamp, "updated_at" timestamp, "name" varchar(255), "role" integer);
INSERT INTO "users" VALUES(1,'user@example.com','$2a$10$vxxZ1x.2S5zqP0Bd21VQQe7TysdPunFfNlfWDx4v7Tq4PRIgm/0/q',NULL,NULL,NULL,0,NULL,NULL,NULL,NULL,'2014-11-02 20:10:13.813161','2014-11-02 20:10:13.813161',NULL,2);
INSERT INTO "users" VALUES(2,'andy.hess.zug@gmail.com','$2a$10$12bzWq7EefCkyRbaiWZAwOXqnZAlGHH4rcJTH.3YyOgYt23uQwWrK',NULL,NULL,NULL,18,'2015-07-30 10:44:08.145089','2015-06-30 07:22:32.774720','195.65.9.69','195.65.9.69','2014-11-02 20:23:36.774316','2015-07-30 10:44:08.148732','Andreas',0);
INSERT INTO "users" VALUES(4,'tt@ggg.gmail.com','$2a$10$XtwxhmzxoOKJr.MAPklg0e0A4shd/2c80JDxgRbSrGEeFEKrA8sia',NULL,NULL,NULL,1,'2014-11-03 18:50:55.093462','2014-11-03 18:50:55.093462','158.181.97.172','158.181.97.172','2014-11-03 18:50:55.082706','2014-11-03 18:50:55.094802',NULL,0);
INSERT INTO "users" VALUES(5,'stephanwiget@me.com','$2a$10$qp.scFkpevGeQmcwfAwrNu3K8ukstzKjf/kKv5GAhIf8Yk7NSW/sS',NULL,NULL,NULL,2,'2014-11-04 15:47:39.327192','2014-11-03 20:14:55.156397','158.181.96.149','158.181.96.149','2014-11-03 20:14:55.143798','2014-11-04 15:47:39.328707',NULL,0);
INSERT INTO "users" VALUES(6,'brat@wurst.ch','$2a$10$ZF3bOsWNvi9inEF/GvlPgu/An3DQd8QEgxEQ0867k7Nd42ftNHy1a',NULL,NULL,NULL,2,'2014-12-19 17:27:59.793785','2014-12-19 14:42:23.952683','194.230.159.194','194.230.159.123','2014-12-19 14:42:23.882233','2014-12-19 17:27:59.795834','bratwurst',0);
INSERT INTO "users" VALUES(7,'sepp@gmail.com','$2a$10$0Gjbv0..6UFmnzmrCh8xpOugCTIU6oiKluQ9gyMuyWGS0uIB4Y63O',NULL,NULL,NULL,1,'2015-05-19 10:45:35.734440','2015-05-19 10:45:35.734440','195.65.9.69','195.65.9.69','2015-05-19 10:45:35.717835','2015-05-19 10:45:35.737492','sepp',0);
CREATE TABLE "clubs" ("id" serial PRIMARY KEY NOT NULL, "name" varchar(255), "created_at" timestamp, "updated_at" timestamp);
INSERT INTO "clubs" VALUES(1,'See-Club Zug','2014-11-02 21:33:10.209502','2014-11-02 21:33:10.209502');
CREATE TABLE "sports" ("id" serial PRIMARY KEY NOT NULL, "name" varchar(255), "created_at" timestamp, "updated_at" timestamp);
INSERT INTO "sports" VALUES(28,'Rudern','2014-11-04 16:47:08.197801','2014-11-04 16:47:08.197801');
INSERT INTO "sports" VALUES(29,'Ergometer','2014-11-04 16:47:08.207379','2014-11-04 16:47:08.207379');
INSERT INTO "sports" VALUES(30,'Laufen','2014-11-04 16:47:08.212652','2014-11-04 16:47:08.212652');
INSERT INTO "sports" VALUES(31,'Radfahren','2014-11-04 16:47:08.217381','2014-11-04 16:47:08.217381');
INSERT INTO "sports" VALUES(32,'Kraft','2014-11-04 16:47:08.221601','2014-11-04 16:47:08.221601');
INSERT INTO "sports" VALUES(33,'Hallentraining','2014-11-04 16:47:08.225817','2014-11-04 16:47:08.225817');
INSERT INTO "sports" VALUES(34,'Alternativtraining','2014-11-04 16:47:08.229893','2014-11-04 16:47:08.229893');
CREATE TABLE "intensities" ("id" serial PRIMARY KEY NOT NULL, "name" varchar(255), "created_at" timestamp, "updated_at" timestamp);
INSERT INTO "intensities" VALUES(13,'ga0','2014-11-04 16:47:08.249602','2014-11-04 16:47:08.249602');
INSERT INTO "intensities" VALUES(14,'ga1','2014-11-04 16:47:08.255736','2014-11-04 16:47:08.255736');
INSERT INTO "intensities" VALUES(15,'ga2','2014-11-04 16:47:08.260824','2014-11-04 16:47:08.260824');
INSERT INTO "intensities" VALUES(16,'as','2014-11-04 16:47:08.266212','2014-11-04 16:47:08.266212');
INSERT INTO "intensities" VALUES(17,'intensiv','2014-11-04 16:47:08.270561','2014-11-04 16:47:08.270561');
INSERT INTO "intensities" VALUES(18,'maximal ( Ausdauer ) ','2014-11-04 16:47:08.275249','2014-11-04 16:47:08.275249');
INSERT INTO "intensities" VALUES(19,'Ausdauer','2014-11-04 16:47:08.279328','2014-11-04 16:47:08.279328');
INSERT INTO "intensities" VALUES(20,'Hypertrophie','2014-11-04 16:47:08.284961','2014-11-04 16:47:08.284961');
INSERT INTO "intensities" VALUES(21,'intramuskuläre Koordination','2014-11-04 16:47:08.289601','2014-11-04 16:47:08.289601');
INSERT INTO "intensities" VALUES(22,'Plyometrie (Kraft)','2014-11-04 16:47:08.294286','2014-11-04 16:47:08.294286');
CREATE TABLE "logbooks" ("id" serial PRIMARY KEY NOT NULL, "year" date, "club_id" integer, "user_id" integer, "created_at" timestamp, "updated_at" timestamp);
INSERT INTO "logbooks" VALUES(7,'2014-01-01',1,2,'2014-11-03 19:15:16.902026','2014-11-03 19:15:16.902026');
INSERT INTO "logbooks" VALUES(8,'2014-01-01',1,5,'2014-11-03 20:15:09.045469','2014-11-03 20:15:09.045469');
INSERT INTO "logbooks" VALUES(9,'2014-01-01',1,6,'2014-12-19 14:42:43.998727','2014-12-19 14:42:43.998727');
INSERT INTO "logbooks" VALUES(10,'2014-01-01',1,7,'2015-05-19 10:45:41.918212','2015-05-19 10:45:41.918212');
CREATE TABLE "logentries" ("id" serial PRIMARY KEY NOT NULL, "start" timestamp, "logbook_id" integer, "sport_id" integer, "intensity_id" integer, "runtime" float, "distance" integer, "avg_heart_rate" integer, "lactat" integer, "created_at" timestamp, "updated_at" timestamp);
INSERT INTO "logentries" VALUES(43,'2014-11-04 17:00:00.000000',7,29,20,1.0,1,1,1,'2014-11-04 17:04:32.941317','2014-11-04 17:04:32.941317');
INSERT INTO "logentries" VALUES(46,'2015-05-19 12:00:00.000000',10,28,14,112.0,1,123,12,'2015-05-19 10:45:52.458417','2015-05-19 10:47:11.842960');
INSERT INTO "logentries" VALUES(48,'2015-06-30 09:00:00.000000',7,28,21,60.0,0,125,0,'2015-06-30 07:23:04.192422','2015-06-30 07:23:04.192422');
CREATE UNIQUE INDEX "unique_schema_migrations" ON "schema_migrations" ("version");
CREATE UNIQUE INDEX "index_users_on_email" ON "users" ("email");
CREATE UNIQUE INDEX "index_users_on_reset_password_token" ON "users" ("reset_password_token");
CREATE INDEX "index_logbooks_on_club_id" ON "logbooks" ("club_id");
CREATE INDEX "index_logbooks_on_user_id" ON "logbooks" ("user_id");
CREATE INDEX "index_logentries_on_logbook_id" ON "logentries" ("logbook_id");
CREATE INDEX "index_logentries_on_sport_id" ON "logentries" ("sport_id");
CREATE INDEX "index_logentries_on_intensity_id" ON "logentries" ("intensity_id");
COMMIT;
